Mode,Total Battery Drop (%),Duration (hours),Rate (%/hour),Sample Pairs
Direct,0.9999990463,5.797844829,0.1724777182,11910
Idle,-23.50000143,5.09241732,-4.61470456,8202
Navigation,34.0000093,6.159981459,5.519498642,7703
Station,0.4999995232,0.5718625453,0.874335148,1172
Voyage,1.499998569,0.06639174738,22.59314792,136